#,Card,Set,Rarity,Value,Total,,
3,Stoneforge Mystic,WWK,Rare,$48.97,$146.91,,
2,Breeding Pool,RNA,Rare,$21.31,$42.62,,
4,Aether Vial,IMA,Rare,$30.54,$122.16,,
4,Flooded Strand,KTK,Rare,$41.60,$166.40,,
2,Crucible of Worlds,M19,Mythic,$41.17,$82.34,,
1,Nyxbloom Ancient,THB,Mythic,$19.30,$19.30,,
5,Blood Crypt,RNA,Rare,$18.25,$91.25,,
1,Smothering Tithe,RNA,Rare,$44.79,$44.79,,
1,Sacred Foundry,GTC,Rare,$20.71,$20.71,,
1,Darksteel Plate,DDU,Rare,$15.39,$15.39,,
4,Sacred Foundry,GRN,Rare,$20.96,$83.84,,
1,Overgrown Tomb,GRN,Rare,$13.84,$13.84,,
1,"Muldrotha, the Gravetide",DOM,Mythic,$6.90,$6.90,,
1,Steam Vents,GRN,Rare,$16.06,$16.06,,
1,Dire Undercurrents,SHM,Rare,$12.63,$12.63,,
2,Temple Garden,GRN,Rare,$10.55,$21.10,,
1,Life from the Loam,UMA,Rare,$15.44,$15.44,,
1,Panharmonicon,KLD,Rare,$8.99,$8.99,,
1,Watery Grave,GRN,Rare,$14.00,$14.00,,
1,Helm of the Host,DOM,Rare,$18.66,$18.66,,
1,Thousand-Year Storm,GRN,Mythic,$11.30,$11.30,,
5,Godless Shrine,RNA,Rare,$13.54,$67.70,,
1,Dryad of the Ilysian Grove,THB,Rare,$17.09,$17.09,,
5,Hallowed Fountain,RNA,Rare,$9.96,$49.80,,
4,Manamorphose,SHM,Common,$4.87,$19.48,,
2,Meddling Mage,ARB,Rare,$2.26,$4.52,,
2,Stomping Ground,RNA,Rare,$10.40,$20.80,,
2,Hinterland Harbor,DOM,Rare,$6.98,$13.96,,
1,Chromatic Lantern,GRN,Rare,$10.44,$10.44,,
1,Underrealm Lich,GRN,Mythic,$5.43,$5.43,,
1,"Venser, Shaper Savant",MM3,Rare,$3.26,$3.26,,
1,Oblivion Stone,MRD,Rare,$4.99,$4.99,,
1,"Jace, Wielder of Mysteries",WAR,Rare,$7.19,$7.19,,
2,Narset's Reversal,WAR,Rare,$6.01,$12.02,,
3,Phantasmal Image,MM3,Rare,$4.00,$12.00,,
1,"Ashiok, Nightmare Muse",THB,Mythic,$4.11,$4.11,,
4,"Thalia, Guardian of Thraben",DKA,Rare,$4.49,$17.96,,
1,Deadeye Navigator,MM3,Rare,$9.50,$9.50,,
1,Spark Double,WAR,Rare,$9.57,$9.57,,
1,Drowned Catacomb,XLN,Rare,$7.49,$7.49,,
3,Auriok Champion,IMA,Rare,$17.38,$52.14,,
4,Clifftop Retreat,DOM,Rare,$6.49,$25.96,,
5,Path to Exile,CON,Uncommon,$4.99,$24.95,,
1,"Baral, Chief of Compliance",AER,Rare,$5.17,$5.17,,
1,Thassa's Oracle,THB,Rare,$11.00,$11.00,,
4,Giver of Runes,MH1,Rare,$6.27,$25.08,,
2,"Shalai, Voice of Plenty",DOM,Rare,$5.01,$10.02,,
1,Rest in Peace,RTR,Rare,$6.66,$6.66,,
1,Noxious Gearhulk,KLD,Mythic,$1.99,$1.99,,
1,Gilded Lotus,M13,Rare,$5.13,$5.13,,
4,Isolated Chapel,DOM,Rare,$5.38,$21.52,,
1,Solemn Simulacrum (219),CM2,Rare,#N/A,#N/A,,
1,"Vraska, Golgari Queen",GRN,Mythic,$4.28,$4.28,,
1,Nyx Lotus,THB,Rare,$4.11,$4.11,,
2,Woodland Cemetery,DOM,Rare,$5.23,$10.46,,
1,Gilded Lotus,DOM,Rare,$4.56,$4.56,,
1,"Jhoira, Weatherlight Captain",DOM,Mythic,$2.62,$2.62,,
1,Expedition Map,ZEN,Common,$2.10,$2.10,,
1,Sulfur Falls,DOM,Rare,$4.48,$4.48,,
1,"Ajani, Adversary of Tyrants",M19,Mythic,$4.03,$4.03,,
1,Altar of Dementia,MH1,Rare,$8.79,$8.79,,
1,World Shaper,RIX,Rare,$4.56,$4.56,,
2,Boros Charm,GTC,Uncommon,$2.30,$4.60,,
1,"Sai, Master Thopterist",M19,Rare,$3.19,$3.19,,
1,"Xantcha, Sleeper Agent",C18,Rare,$14.68,$14.68,,
4,Stitcher's Supplier,M19,Uncommon,$3.19,$12.76,,
1,Settle the Wreckage,XLN,Rare,$3.00,$3.00,,
1,"Niv-Mizzet, Parun",GRN,Rare,$3.40,$3.40,,
5,Dragonskull Summit,XLN,Rare,$4.47,$22.35,,
1,Expansion // Explosion,GRN,Rare,$1.99,$1.99,,
1,Merciless Eviction,GTC,Rare,$2.50,$2.50,,
1,Windgrace's Judgment,C18,Rare,$2.70,$2.70,,
3,"Erebos, Bleak-Hearted",THB,Mythic,$2.14,$6.42,,
1,"Calix, Destiny's Hand",THB,Mythic,$3.64,$3.64,,
1,Underworld Breach,THB,Rare,$5.82,$5.82,,
1,History of Benalia,DOM,Mythic,$1.58,$1.58,,
1,Bolas's Citadel,WAR,Rare,$6.91,$6.91,,
1,Reliquary Tower,M19,Uncommon,$3.75,$3.75,,
2,Bedevil,RNA,Rare,$2.12,$4.24,,
1,Greed,7E,Rare,$1.40,$1.40,,
2,"Thalia, Heretic Cathar",EMN,Rare,$4.50,$9.00,,
2,"Polukranos, Unchained",THB,Mythic,$1.64,$3.28,,
2,Stony Silence,ISD,Rare,$4.64,$9.28,,
1,Grafdigger's Cage,DKA,Rare,$2.40,$2.40,,
1,Ponder,C18,Common,$3.04,$3.04,,
4,Gutterbones,RNA,Rare,$1.00,$4.00,,
3,Dismember,NPH,Uncommon,$2.33,$6.99,,
1,March of the Multitudes,GRN,Mythic,$1.94,$1.94,,
1,Beast Whisperer,GRN,Rare,$2.42,$2.42,,
2,Phyrexian Revoker,MBS,Rare,$1.45,$2.90,,
4,Thalia's Lieutenant,SOI,Rare,$2.09,$8.36,,
1,Hadana's Climb,RIX,Rare,$3.50,$3.50,,
4,Absorb,RNA,Rare,$1.00,$4.00,,
1,Decimate,C18,Rare,$3.00,$3.00,,
4,Restoration Angel,AVR,Rare,$1.75,$7.00,,
3,Relic of Progenitus,EMA,Uncommon,$6.85,$20.55,,
1,Gyre Sage,GTC,Rare,$1.99,$1.99,,
1,Golgari Grave-Troll,UMA,Rare,$3.50,$3.50,,
3,Deputy of Detention,RNA,Rare,$0.93,$2.79,,
2,Damping Sphere,DOM,Uncommon,$1.66,$3.32,,
1,Cleansing Nova,M19,Rare,$0.94,$0.94,,
1,Casualties of War,WAR,Rare,$1.10,$1.10,,
1,Thief of Sanity,GRN,Rare,$1.74,$1.74,,
3,Lightning Bolt,M11,Common,$2.30,$6.90,,
2,Elspeth Conquers Death,THB,Rare,$0.51,$1.02,,
1,Nevinyrral's Disk,C13,Rare,$0.82,$0.82,,
1,Risk Factor,GRN,Rare,$1.49,$1.49,,
4,Champion of the Parish,ISD,Rare,$2.88,$11.52,,
4,Leonin Arbiter,SOM,Rare,$3.10,$12.40,,
1,Rapid Hybridization,GTC,Uncommon,$3.11,$3.11,,
1,Drowned Secrets,GRN,Rare,$1.15,$1.15,,
1,Jadelight Ranger,RIX,Rare,$0.76,$0.76,,
2,Runic Armasaur,M19,Rare,$2.99,$5.98,,
2,Mirran Crusader,MBS,Rare,$1.43,$2.86,,
1,Jaya Ballard,DOM,Mythic,$1.13,$1.13,,
5,Priest of Forgotten Gods,RNA,Rare,$3.24,$16.20,,
1,Charcoal Diamond,7E,Uncommon,$0.77,$0.77,,
1,Tsabo's Web,IN,Rare,$3.99,$3.99,,
1,Open the Graves,M19,Rare,$0.99,$0.99,,
1,"Sorin, Vengeful Bloodlord",WAR,Rare,$1.33,$1.33,,
1,Blackblade Reforged,DOM,Rare,$1.08,$1.08,,
1,Finale of Eternity,WAR,Mythic,$1.99,$1.99,,
1,Sleight of Hand,7E,Common,$0.99,$0.99,,
2,Unsettled Mariner,MH1,Rare,$2.50,$5.00,,
1,Dovin Baan,KLD,Mythic,$1.34,$1.34,,
4,Incubation Druid,RNA,Rare,$1.29,$5.16,,
2,Temple of Enlightenment,THB,Rare,$0.50,$1.00,,
1,Karn's Temporal Sundering,DOM,Rare,$2.41,$2.41,,
1,"Domri, Anarch of Bolas",WAR,Rare,$1.49,$1.49,,
1,"Ral, Storm Conduit",WAR,Rare,$1.90,$1.90,,
1,"Vaevictis Asmadi, the Dire",M19,Mythic,$2.58,$2.58,,
1,"Tamiyo, Collector of Tales",WAR,Rare,$1.00,$1.00,,
1,Nightmare Shepherd,THB,Rare,$0.89,$0.89,,
2,Gruul Spellbreaker,RNA,Rare,$0.62,$1.24,,
1,Dream Eater,GRN,Mythic,$1.13,$1.13,,
1,"Naru Meha, Master Wizard",DOM,Mythic,$1.46,$1.46,,
1,Phyrexian Scriptures,DOM,Mythic,$3.84,$3.84,,
5,Teysa Karlov,RNA,Rare,$2.85,$14.25,,
1,The Elderspell,WAR,Rare,$0.81,$0.81,,
2,Mission Briefing,GRN,Rare,$0.98,$1.96,,
2,Kaya's Wrath,RNA,Rare,$1.01,$2.02,,
1,Poison-Tip Archer,M19,Uncommon,$1.25,$1.25,,
2,Final Parting,DOM,Uncommon,$1.28,$2.56,,
2,Ionize,GRN,Rare,$0.84,$1.68,,
4,Charming Prince,ELD,Rare,$1.89,$7.56,,
1,Kitchen Finks,UMA,Uncommon,$0.95,$0.95,,
1,Bloodtracker,C18,Rare,$0.50,$0.50,,
1,Nadir Kraken,THB,Rare,$1.31,$1.31,,
4,Tectonic Edge,WWK,Uncommon,$1.04,$4.16,,
1,Woe Strider,THB,Rare,$1.50,$1.50,,
4,Ghost Quarter,ISD,Uncommon,$1.29,$5.16,,
2,Ritual of Soot,GRN,Rare,$0.54,$1.08,,
1,Fury Storm,C18,Rare,$6.55,$6.55,,
1,Archon of Sun's Grace,THB,Rare,$0.69,$0.69,,
1,Tempest Djinn,DOM,Rare,$0.59,$0.59,,
1,Unmoored Ego,GRN,Rare,$0.50,$0.50,,
4,Blade Splicer,MM3,Rare,$0.85,$3.40,,
1,"Odric, Master Tactician",M13,Rare,$0.58,$0.58,,
1,"Ajani, the Greathearted",WAR,Rare,$1.45,$1.45,,
1,Mnemonic Betrayal,GRN,Mythic,$3.39,$3.39,,
3,"Marwyn, the Nurturer",DOM,Rare,$1.19,$3.57,,
1,Boros Reckoner,GTC,Rare,$0.89,$0.89,,
1,Aven Brigadier,ONS,Rare,$1.31,$1.31,,
1,Emergency Powers,RNA,Mythic,$0.98,$0.98,,
1,Weatherlight,DOM,Mythic,$1.56,$1.56,,
2,Dreadhorde Butcher,WAR,Rare,$0.86,$1.72,,
1,Butcher of Malakir,DDP,Rare,$0.89,$0.89,,
5,Midnight Reaper,GRN,Rare,$0.73,$3.65,,
1,"Chandra, Fire Artisan",WAR,Rare,$0.89,$0.89,,
3,Oath of Kaya,WAR,Rare,$0.52,$1.56,,
2,Cauldron Familiar,ELD,Uncommon,$1.00,$2.00,,
3,Light Up the Stage,RNA,Uncommon,$0.49,$1.47,,
1,Castle Embereth,ELD,Rare,$0.62,$0.62,,
1,Jarad's Orders,RTR,Rare,$1.00,$1.00,,
1,Turntimber Sower,C18,Rare,$1.00,$1.00,,
1,Crypt Rats,7E,Uncommon,$0.50,$0.50,,
1,Quasiduplicate,GRN,Rare,$1.51,$1.51,,
1,Chain Reaction,C18,Rare,$0.56,$0.56,,
2,Duskmantle Guildmage,GTC,Uncommon,$0.78,$1.56,,
2,Mausoleum Secrets,GRN,Rare,$1.12,$2.24,,
4,Flickerwisp,MMA,Uncommon,$0.49,$1.96,,
1,Mesmerizing Benthid,RNA,Mythic,$1.00,$1.00,,
1,Mass Manipulation,RNA,Rare,$1.54,$1.54,,
1,Thassa's Intervention,THB,Rare,$0.46,$0.46,,
1,Venerated Loxodon,GRN,Rare,$0.49,$0.49,,
2,Wall of Lost Thoughts,RNA,Uncommon,$0.40,$0.80,,
1,Mentor of the Meek,M19,Rare,$0.95,$0.95,,
1,Deafening Clarion,GRN,Rare,$0.50,$0.50,,
4,Hero of Precinct One,RNA,Rare,$0.55,$2.20,,
1,Simic Charm,GTC,Uncommon,$0.49,$0.49,,
4,"Judith, the Scourge Diva",RNA,Rare,$0.75,$3.00,,
1,Sphinx of Foresight,RNA,Rare,$0.51,$0.51,,
1,Siege-Gang Commander,DOM,Rare,$1.00,$1.00,,
2,Thran Temporal Gateway,DOM,Rare,$0.99,$1.98,,
1,Benalish Marshal,DOM,Rare,$0.75,$0.75,,
1,"Josu Vess, Lich Knight",DOM,Rare,$0.99,$0.99,,
1,Rampaging Baloths,C18,Rare,$0.49,$0.49,,
2,Urza's Ruinous Blast,DOM,Rare,$1.64,$3.28,,
1,Wizard's Retort,DOM,Uncommon,$0.40,$0.40,,
1,Crash of Rhino Beetles,C18,Rare,$2.81,$2.81,,
3,"Tajic, Legion's Edge",GRN,Rare,$0.75,$2.25,,
1,Creeping Chill,GRN,Uncommon,$0.49,$0.49,,
1,Command the Dreadhorde,WAR,Rare,$0.85,$0.85,,
1,Monastery Siege,FRF,Rare,$0.86,$0.86,,
1,Captain of the Watch,M13,Rare,$0.67,$0.67,,
1,"Lavinia, Azorius Renegade",RNA,Rare,$1.00,$1.00,,
3,Discovery // Dispersal,GRN,Uncommon,$0.40,$1.20,,
1,"Jodah, Archmage Eternal",DOM,Rare,$1.04,$1.04,,
1,Demanding Dragon,M19,Rare,$0.59,$0.59,,
1,Primevals' Glorious Rebirth,DOM,Rare,$1.73,$1.73,,
2,Aetherize,GTC,Uncommon,$0.87,$1.74,,
1,Dreadhorde Invasion,WAR,Rare,$0.68,$0.68,,
1,Ethereal Absolution,RNA,Rare,$0.73,$0.73,,
1,Swiftblade Vindicator,GRN,Rare,$0.51,$0.51,,
1,Reality Scramble,C18,Rare,$0.52,$0.52,,
1,Sylvan Awakening,DOM,Rare,$1.07,$1.07,,
1,Plaza of Harmony,RNA,Rare,$0.52,$0.52,,
3,Ravenous Chupacabra,RIX,Uncommon,$0.93,$2.79,,
1,Patient Rebuilding,M19,Rare,$0.72,$0.72,,
2,"Etrata, the Silencer",GRN,Rare,$0.57,$1.14,,
1,Necroplasm,RAV,Rare,$0.70,$0.70,,
2,"Izoni, Thousand-Eyed",GRN,Rare,$0.95,$1.90,,
1,Duskmantle Seer,GTC,Mythic,$0.51,$0.51,,
2,Liliana's Contract,M19,Rare,$2.30,$4.60,,
1,Chaos Wand,M19,Rare,$0.50,$0.50,,
2,Fountain of Renewal,M19,Uncommon,$0.69,$1.38,,
2,Field of Ruin,THB,Uncommon,$0.49,$0.98,,
1,The Antiquities War,DOM,Rare,$0.52,$0.52,,
4,Cavalcade of Calamity,RNA,Uncommon,$0.27,$1.08,,
3,Pteramander,RNA,Uncommon,$0.40,$1.20,,
1,"Danitha Capashen, Paragon",DOM,Uncommon,$0.50,$0.50,,
2,Erebos's Intervention,THB,Rare,$0.50,$1.00,,
1,Soul of Innistrad,C18,Mythic,$0.50,$0.50,,
2,"Emmara, Soul of the Accord",GRN,Rare,$0.49,$0.98,,
2,Narcomoeba,GRN,Rare,$0.50,$1.00,,
1,"Fblthp, the Lost",WAR,Rare,$0.50,$0.50,,
1,"Tomik, Distinguished Advokist",WAR,Rare,$0.49,$0.49,,
1,Scute Mob,C18,Rare,$0.97,$0.97,,
1,Moonlight Bargain,C18,Rare,$0.59,$0.59,,
1,Realm Seekers,CNS,Rare,$0.62,$0.62,,
1,Yawgmoth's Vile Offering,DOM,Rare,$0.56,$0.56,,
1,Isareth the Awakener,M19,Rare,$0.50,$0.50,,
2,Kamahl's Druidic Vow,DOM,Rare,$0.99,$1.98,,
2,Electrostatic Field,GRN,Uncommon,$0.88,$1.76,,
2,Pestilent Spirit,RNA,Rare,$0.50,$1.00,,
2,End-Raze Forerunners,RNA,Rare,$0.88,$1.76,,
1,Champion of Rhonas,AKH,Rare,$0.49,$0.49,,
1,Flameblast Dragon,C18,Rare,$0.54,$0.54,,
1,"Squee, the Immortal",DOM,Rare,$1.23,$1.23,,
1,Grand Warlord Radha,DOM,Rare,$0.85,$0.85,,
1,Forebear's Blade,DOM,Rare,$0.62,$0.62,,
1,Biomancer's Familiar,RNA,Rare,$0.99,$0.99,,
1,Magus of the Bazaar,UMA,Rare,$0.50,$0.50,,
2,"Aryel, Knight of Windgrace",DOM,Rare,$0.50,$1.00,,
2,Mirror March,RNA,Rare,$0.99,$1.98,,
1,Desecrated Tomb,M19,Rare,$0.79,$0.79,,
2,Time Wipe,WAR,Rare,$0.50,$1.00,,
11,Skewer the Critics,RNA,Common,$0.66,$7.26,,
4,Witch's Oven,ELD,Uncommon,$0.99,$3.96,,
2,Jaya's Immolating Inferno,DOM,Rare,$0.49,$0.98,,
2,"Traxos, Scourge of Kroog",DOM,Rare,$0.69,$1.38,,
2,Rix Maadi Reveler,RNA,Rare,$0.45,$0.90,,
1,Arguel's Blood Fast,XLN,Rare,$0.56,$0.56,,
1,"Tolsimir, Friend to Wolves",WAR,Rare,$0.48,$0.48,,
1,Mobilized District,WAR,Rare,$0.49,$0.49,,
1,Tectonic Giant,THB,Rare,$0.50,$0.50,,
1,Seafloor Oracle,RIX,Rare,$0.75,$0.75,,
3,Theater of Horrors,RNA,Rare,$0.45,$1.35,,
1,The Mending of Dominaria,DOM,Rare,$0.49,$0.49,,
1,"Tetsuko Umezawa, Fugitive",DOM,Uncommon,$2.26,$2.26,,
1,"Naban, Dean of Iteration",DOM,Rare,$0.53,$0.53,,
3,Fathom Mage,GTC,Rare,$0.48,$1.44,,
2,Arasta of the Endless Web,THB,Rare,$1.00,$2.00,,
2,Firemane Avenger,GTC,Rare,$0.49,$0.98,,
1,Suncleanser,M19,Rare,$0.44,$0.44,,
1,Massacre Girl,WAR,Rare,$0.50,$0.50,,
1,Song of Freyalise,DOM,Uncommon,$0.85,$0.85,,
1,Precognitive Perception,RNA,Rare,$0.43,$0.43,,
1,Worm Harvest,C18,Rare,$0.50,$0.50,,
1,Goblin Warchief,DOM,Uncommon,$0.60,$0.60,,
1,Kor Firewalker,WWK,Uncommon,$0.50,$0.50,,
1,Dread Shade,DOM,Rare,$0.45,$0.45,,
1,Eidolon of Obstruction,THB,Rare,$0.36,$0.36,,
3,Glass of the Guildpact,RNA,Rare,$0.40,$1.20,,
1,Thrash // Threat,RNA,Rare,$0.36,$0.36,,
4,Unwind,DOM,Common,$0.50,$2.00,,
1,Emissary of Grudges,C18,Rare,$0.41,$0.41,,
1,Precognition Field,DOM,Rare,$0.49,$0.49,,
1,Mardu Strike Leader,FRF,Rare,$0.48,$0.48,,
1,Sylvan Primordial,GTC,Rare,$0.50,$0.50,,
1,Isolate,M19,Rare,$0.43,$0.43,,
1,Bioessence Hydra,WAR,Rare,$0.40,$0.40,,
2,Jhoira's Familiar,DOM,Uncommon,$0.51,$1.02,,
2,Nikya of the Old Ways,RNA,Rare,$0.49,$0.98,,
2,Rampage of the Clans,RNA,Rare,$0.49,$0.98,,
2,Charnel Troll,GRN,Rare,$0.36,$0.72,,
1,"Torgaar, Famine Incarnate",DOM,Rare,$0.47,$0.47,,
1,Planewide Celebration,WAR,Rare,$0.66,$0.66,,
2,Cast Down,DOM,Uncommon,$0.41,$0.82,,
2,Find // Finality,GRN,Rare,$0.39,$0.78,,
1,Amulet of Safekeeping,M19,Rare,$0.38,$0.38,,
1,Precinct Captain,RTR,Rare,$0.45,$0.45,,
1,Ashiok's Erasure,THB,Rare,$0.33,$0.33,,
1,High Priest of Penance,GTC,Rare,$0.47,$0.47,,
1,Living Twister,WAR,Rare,$0.40,$0.40,,
3,Angrath's Rampage,WAR,Uncommon,$0.36,$1.08,,
1,Grim Backwoods,C18,Rare,$0.40,$0.40,,
1,Warrant // Warden,RNA,Rare,$0.36,$0.36,,
2,Dismissive Pyromancer,M19,Rare,$0.40,$0.80,,
1,Verity Circle,RNA,Rare,$0.48,$0.48,,
3,Alpha Authority,GTC,Uncommon,$1.17,$3.51,,
1,Solar Blaze,WAR,Rare,$0.45,$0.45,,
1,Bounty of the Luxa,AKH,Rare,$0.48,$0.48,,
1,Colossal Majesty,M19,Uncommon,$0.55,$0.55,,
1,Mizzium Tank,WAR,Rare,$0.39,$0.39,,
1,Fall of the Thran,DOM,Rare,$0.49,$0.49,,
1,Oathsworn Knight,ELD,Rare,$0.44,$0.44,,
1,Gaze of Granite,C18,Rare,$0.45,$0.45,,
1,Tymaret Calls the Dead,THB,Rare,$0.35,$0.35,,
2,Spark Trooper,GTC,Rare,$0.42,$0.84,,
2,Awaken the Erstwhile,RNA,Rare,$0.52,$1.04,,
1,Burning-Tree Emissary,GTC,Uncommon,$0.50,$0.50,,
1,Mirror Image,M19,Uncommon,$0.53,$0.53,,
4,Gruesome Menagerie,GRN,Rare,$0.36,$1.44,,
2,Assure // Assemble,GRN,Rare,$0.37,$0.74,,
2,Doublecast,M19,Uncommon,$0.38,$0.76,,
1,Moldgraf Monstrosity,C18,Rare,$0.49,$0.49,,
1,Citywide Bust,GRN,Rare,$0.39,$0.39,,
1,Lumbering Battlement,RNA,Rare,$0.35,$0.35,,
9,Growth Spiral,RNA,Common,$0.49,$4.41,,
1,Plaguecrafter,GRN,Uncommon,$0.49,$0.49,,
1,Mouth // Feed,AKH,Rare,$0.44,$0.44,,
1,Blood Operative,GRN,Rare,$0.35,$0.35,,
1,Bounty Agent,GRN,Rare,$0.40,$0.40,,
1,"Baird, Steward of Argive",DOM,Uncommon,$0.49,$0.49,,
6,Goblin Instigator,M19,Common,$0.31,$1.86,,
1,Centaur Vinecrasher,C18,Rare,$0.45,$0.45,,
2,Sinister Sabotage,GRN,Uncommon,$0.25,$0.50,,
1,The Mirari Conjecture,DOM,Rare,$0.49,$0.49,,
1,Madcap Experiment,KLD,Rare,$0.44,$0.44,,
2,Rite of Belzenlok,DOM,Rare,$0.41,$0.82,,
1,Awakening of Vitu-Ghazi,WAR,Rare,$0.35,$0.35,,
1,Sultai Ascendancy,KTK,Rare,$0.43,$0.43,,
4,"Whisper, Blood Liturgist",DOM,Uncommon,$0.40,$1.60,,
4,Guild Summit,GRN,Uncommon,$0.31,$1.24,,
2,One with the Machine,M19,Rare,$0.50,$1.00,,
1,Single Combat,WAR,Rare,$0.51,$0.51,,
1,Charnelhoard Wurm,C18,Rare,$0.30,$0.30,,
1,Ruinous Path,C18,Rare,$0.34,$0.34,,
1,The Eldest Reborn,DOM,Uncommon,$0.45,$0.45,,
1,"Zahid, Djinn of the Lamp",DOM,Rare,$0.32,$0.32,,
1,Immolation Shaman,RNA,Rare,$0.40,$0.40,,
2,Parhelion II,WAR,Rare,$1.13,$2.26,,
2,"Evra, Halcyon Witness",DOM,Rare,$0.38,$0.76,,
2,Rubblehulk,GTC,Rare,$0.39,$0.78,,
1,Ravnica at War,WAR,Rare,$0.45,$0.45,,
1,Camaraderie,GRN,Rare,$0.58,$0.58,,
1,Vine Mare,M19,Uncommon,$0.35,$0.35,,
3,Thrull Parasite,GTC,Uncommon,$0.49,$1.47,,
2,Wizard's Lightning,DOM,Uncommon,$0.30,$0.60,,
1,Verdant Force,DOM,Rare,$0.50,$0.50,,
1,Gruul Ragebeast,GTC,Rare,$0.44,$0.44,,
2,Vivien's Invocation,M19,Rare,$0.36,$0.72,,
1,Vivid Revival,GRN,Rare,$0.33,$0.33,,
3,Fell Specter,M19,Uncommon,$0.40,$1.20,,
1,Mishra's Self-Replicator,DOM,Rare,$0.44,$0.44,,
2,Fraying Omnipotence,M19,Rare,$0.80,$1.60,,
1,Light of the Legion,GRN,Rare,$0.42,$0.42,,
1,Lavalanche,C18,Rare,$0.45,$0.45,,
1,Seer's Sundial,C18,Rare,$0.36,$0.36,,
1,"Kazarov, Sengir Pureblood",DOM,Rare,$0.35,$0.35,,
1,Two-Headed Giant,DOM,Rare,$0.39,$0.39,,
1,Volatile Rig,RTR,Rare,$0.39,$0.39,,
2,Cartel Aristocrat,GTC,Uncommon,$0.34,$0.68,,
1,Rubblehulk,C18,Rare,$0.38,$0.38,,
1,Prodigious Growth,M19,Rare,$0.44,$0.44,,
1,Thud,M19,Uncommon,$0.33,$0.33,,
2,Amplifire,RNA,Rare,$0.30,$0.60,,
1,Omnispell Adept,GRN,Rare,$0.37,$0.37,,
1,The Akroan War,THB,Rare,$0.39,$0.39,,
4,Mayhem Devil,WAR,Uncommon,$1.85,$7.40,,
2,Cry of the Carnarium,RNA,Uncommon,$0.27,$0.54,,
5,Mortify,RNA,Uncommon,$0.40,$2.00,,
3,Bedeck // Bedazzle,RNA,Rare,$0.33,$0.99,,
2,Drill Bit,RNA,Uncommon,$0.29,$0.58,,
2,Ajani's Last Stand,M19,Rare,$0.30,$0.60,,
1,Ooze Flux,GTC,Rare,$0.40,$0.40,,
1,Predatory Rampage,M13,Rare,$0.42,$0.42,,
1,Haphazard Bombardment,DOM,Rare,$0.33,$0.33,,
1,Crush Contraband,GRN,Uncommon,$0.37,$0.37,,
1,Sporecrown Thallid,DOM,Uncommon,$0.35,$0.35,,
1,Treasury Thrull,GTC,Rare,$0.39,$0.39,,
1,"Tymaret, the Murder King",THS,Rare,$0.36,$0.36,,
2,Burrenton Forge-Tender,IMA,Uncommon,$0.42,$0.84,,
3,High Alert,RNA,Uncommon,$0.48,$1.44,,
2,Healer's Hawk,GRN,Common,$0.25,$0.50,,
1,Barrage Tyrant,BFZ,Rare,$0.40,$0.40,,
3,Vizkopa Guildmage,GTC,Uncommon,$0.44,$1.32,,
1,Enigma Drake,M19,Uncommon,$0.30,$0.30,,
1,Exclusion Mage,M19,Uncommon,$0.29,$0.29,,
4,Crackling Drake,GRN,Uncommon,$0.25,$1.00,,
1,Deadbridge Goliath,RTR,Rare,$0.34,$0.34,,
2,Erratic Cyclops,GRN,Rare,$0.31,$0.62,,
3,Nightveil Sprite,GRN,Uncommon,$0.26,$0.78,,
1,Silent Submersible,WAR,Rare,$0.40,$0.40,,
3,Frilled Mystic,RNA,Uncommon,$0.25,$0.75,,
4,Tower Defense,GTC,Uncommon,$0.33,$1.32,,
2,The Flame of Keld,DOM,Uncommon,$0.28,$0.56,,
1,Meletis Charlatan,THS,Rare,$0.30,$0.30,,
1,Foundry Champion,GTC,Rare,$0.31,$0.31,,
4,Reassembling Skeleton,M19,Uncommon,$0.32,$1.28,,
3,Nightveil Predator,GRN,Uncommon,$0.30,$0.90,,
5,Elvish Rejuvenator,M19,Common,$0.25,$1.25,,
2,Chemister's Insight,GRN,Uncommon,$0.25,$0.50,,
4,Arvad the Cursed,DOM,Uncommon,$0.30,$1.20,,
3,Knight of Malice,DOM,Uncommon,$0.30,$0.90,,
1,Dauntless Bodyguard,DOM,Uncommon,$0.32,$0.32,,
1,Broken Bond,DOM,Common,$0.39,$0.39,,
3,Guardian of the Gateless,GTC,Uncommon,$0.30,$0.90,,
1,Goblin Cratermaker,GRN,Uncommon,$0.30,$0.30,,
5,Tin Street Dodger,RNA,Uncommon,$0.25,$1.25,,
4,Meteor Golem,M19,Uncommon,$0.25,$1.00,,
4,Gates Ablaze,RNA,Uncommon,$0.34,$1.36,,
2,Collision // Colossus,RNA,Uncommon,$0.31,$0.62,,
7,Gatebreaker Ram,RNA,Uncommon,$0.30,$2.10,,
3,Militia Bugler,M19,Uncommon,$0.25,$0.75,,
1,Justice Strike,GRN,Uncommon,$0.30,$0.30,,
1,Glowspore Shaman,GRN,Uncommon,$0.26,$0.26,,
6,Basilica Bell-Haunt,RNA,Uncommon,$0.26,$1.56,,
5,Vindictive Vampire,RNA,Uncommon,$0.82,$4.10,,
5,Gate Colossus,RNA,Uncommon,$0.25,$1.25,,
4,Disinformation Campaign,GRN,Uncommon,$0.25,$1.00,,
4,Urban Evolution,GTC,Uncommon,$0.25,$1.00,,
4,Wasteland Viper,GTC,Uncommon,$0.40,$1.60,,
4,Rogue's Gloves,M19,Uncommon,$0.29,$1.16,,
4,Incubation // Incongruity,RNA,Uncommon,$0.25,$1.00,,
4,Biogenic Upgrade,RNA,Uncommon,$0.25,$1.00,,
3,Board the Weatherlight,DOM,Uncommon,$0.25,$0.75,,
3,Dimir Keyrune,GTC,Uncommon,$0.26,$0.78,,
3,Ministrant of Obligation,RNA,Uncommon,$0.35,$1.05,,
3,Dimir Spybug,GRN,Uncommon,$0.25,$0.75,,
2,Settle the Score,DOM,Uncommon,$0.26,$0.52,,
2,Spore Swarm,DOM,Uncommon,$0.30,$0.60,,
2,"Garna, the Bloodflame",DOM,Uncommon,$0.25,$0.50,,
2,"Valduk, Keeper of the Flame",DOM,Uncommon,$0.28,$0.56,,
2,Chainer's Torment,DOM,Uncommon,$0.25,$0.50,,
2,Status // Statue,GRN,Uncommon,$0.28,$0.56,,
2,Integrity // Intervention,GRN,Uncommon,$0.25,$0.50,,
2,Thoughtbound Phantasm,GRN,Uncommon,$0.25,$0.50,,
2,Ochran Assassin,GRN,Uncommon,$0.25,$0.50,,
2,Molderhulk,GRN,Uncommon,$0.26,$0.52,,
2,Wight of Precinct Six,GTC,Uncommon,$0.25,$0.50,,
2,Undercity Informer,GTC,Uncommon,$0.42,$0.84,,
2,Surge Mare,M19,Uncommon,$0.25,$0.50,,
2,Diamond Mare,M19,Uncommon,$0.25,$0.50,,
2,Lightning Strike,M19,Uncommon,$0.25,$0.50,,
2,Orzhov Enforcer,RNA,Uncommon,$0.31,$0.62,,
2,Zhur-Taa Goblin,RNA,Uncommon,$0.25,$0.50,,
1,Fungal Plots,DOM,Uncommon,$0.30,$0.30,,
1,"Shanna, Sisay's Legacy",DOM,Uncommon,$0.30,$0.30,,
1,"Raff Capashen, Ship's Mage",DOM,Uncommon,$0.29,$0.29,,
1,"Tiana, Ship's Caretaker",DOM,Uncommon,$0.25,$0.25,,
1,Kraul Harpooner,GRN,Uncommon,$0.25,$0.25,,
1,Price of Fame,GRN,Uncommon,$0.29,$0.29,,
1,Gird for Battle,GRN,Uncommon,$0.25,$0.25,,
1,Pilfering Imp,GRN,Uncommon,$0.25,$0.25,,
1,Beacon Bolt,GRN,Uncommon,$0.25,$0.25,,
1,Holy Mantle,GTC,Uncommon,$0.37,$0.37,,
1,Boros Elite,GTC,Uncommon,$0.25,$0.25,,
1,Suspicious Bookcase,M19,Uncommon,$0.26,$0.26,,
1,Novice Knight,M19,Uncommon,$0.25,$0.25,,
1,Volley Veteran,M19,Uncommon,$0.25,$0.25,,
1,Leonin Vanguard,M19,Uncommon,$0.25,$0.25,,
1,Arcane Encyclopedia,M19,Uncommon,$0.28,$0.28,,
6,Enhanced Surveillance,GRN,Uncommon,$0.25,$1.50,,
6,Pitiless Pontiff,RNA,Uncommon,$0.26,$1.56,,
5,Ghor-Clan Rampager,GTC,Uncommon,$0.25,$1.25,,
5,Ravenous Harpy,M19,Uncommon,$0.25,$1.25,,
5,Depose // Deploy,RNA,Uncommon,$0.25,$1.25,,
5,Dovin's Acuity,RNA,Uncommon,$0.25,$1.25,,
5,Rally to Battle,RNA,Uncommon,$0.25,$1.25,,
4,Truefire Captain,GRN,Uncommon,$0.26,$1.04,,
4,Orzhov Keyrune,GTC,Uncommon,$0.25,$1.00,,
4,Vampire Sovereign,M19,Uncommon,$0.25,$1.00,,
4,Resolute Watchdog,RNA,Uncommon,$0.39,$1.56,,
3,Goblin Barrage,DOM,Uncommon,$0.25,$0.75,,
3,Goblin Banneret,GRN,Uncommon,$0.25,$0.75,,
3,Zameck Guildmage,GTC,Uncommon,$0.28,$0.84,,
3,Boros Keyrune,GTC,Uncommon,$0.25,$0.75,,
3,Aether Tunnel,M19,Uncommon,$0.31,$0.93,,
3,Orzhov Racketeers,RNA,Uncommon,$0.25,$0.75,,
3,Sunder Shaman,RNA,Uncommon,$0.26,$0.78,,
3,Sphinx of New Prahv,RNA,Uncommon,$0.25,$0.75,,
3,Gyre Engineer,RNA,Uncommon,$0.25,$0.75,,
2,Time of Ice,DOM,Uncommon,$0.25,$0.50,,
2,"Slinn Voda, the Rising Deep",DOM,Uncommon,$0.25,$0.50,,
2,Icy Manipulator,DOM,Uncommon,$0.25,$0.50,,
2,League Guildmage,GRN,Uncommon,$0.25,$0.50,,
2,Wand of Vertebrae,GRN,Uncommon,$0.25,$0.50,,
2,Psychic Symbiont,M19,Uncommon,$0.25,$0.50,,
2,Gift of Paradise,M19,Uncommon,$0.25,$0.50,,
2,Sentinel's Mark,RNA,Uncommon,$0.25,$0.50,,
2,Consecrate // Consume,RNA,Uncommon,$0.25,$0.50,,
2,Archway Angel,RNA,Uncommon,$0.25,$0.50,,
1,"Rona, Disciple of Gix",DOM,Uncommon,$0.25,$0.25,,
1,"Hallar, the Firefletcher",DOM,Uncommon,$0.25,$0.25,,
1,Skizzik,DOM,Uncommon,$0.25,$0.25,,
1,Amaranthine Wall,DOM,Uncommon,$0.28,$0.28,,
1,Thallid Soothsayer,DOM,Uncommon,$0.25,$0.25,,
1,Boros Challenger,GRN,Uncommon,$0.25,$0.25,,
1,Voidwalk,GTC,Uncommon,$0.30,$0.30,,
1,Regal Bloodlord,M19,Uncommon,$0.27,$0.27,,
1,Brawl-Bash Ogre,M19,Uncommon,$0.25,$0.25,,
1,Recollect,M19,Uncommon,$0.25,$0.25,,
6,Forced Adaptation,GTC,Common,$0.25,$1.50,,"1,638"
5,Psychic Strike,GTC,Common,$0.25,$1.25,,
5,Azorius Skyguard,RNA,Uncommon,$0.25,$1.25,,
5,Rumbling Ruin,RNA,Uncommon,$0.25,$1.25,,
5,Skatewing Spy,RNA,Uncommon,$0.25,$1.25,,
5,Tower Defense,RNA,Uncommon,$0.30,$1.50,,
3,Sphinx of the Guildpact,RNA,Uncommon,$0.25,$0.75,,
2,Nature's Spiral,DOM,Uncommon,$0.25,$0.50,,
2,Shield of the Realm,DOM,Uncommon,$0.25,$0.50,,
2,"Yargle, Glutton of Urborg",DOM,Uncommon,$0.25,$0.50,,
2,Diligent Excavator,DOM,Uncommon,$0.25,$0.50,,
2,Vigilant Baloth,M19,Uncommon,$0.24,$0.48,,
1,Regenesis,RNA,Uncommon,$0.25,$0.25,,
1,Departed Deckhand,M19,Uncommon,$0.25,$0.25,,
1,Declare Dominance,M19,Uncommon,$0.25,$0.25,,
1,Knightly Valor,M19,Uncommon,$0.25,$0.25,,
9,Crash Through,M19,Common,$0.25,$2.25,,720
6,Senate Guildmage,RNA,Uncommon,$0.25,$1.50,,
4,Scrabbling Claws,RNA,Uncommon,$0.25,$1.00,,
4,Sharktocrab,RNA,Uncommon,$0.25,$1.00,,
3,Smelt-Ward Ignus,RNA,Uncommon,$0.25,$0.75,,
3,Sky Tether,RNA,Uncommon,$0.25,$0.75,,
2,Aerial Engineer,M19,Uncommon,$0.25,$0.50,,
2,Tectonic Rift,M19,Uncommon,$0.25,$0.50,,
2,Forbidding Spirit,RNA,Uncommon,$0.25,$0.50,,
1,In Bolas's Clutches,DOM,Uncommon,$0.25,$0.25,,
5,Gruul Beastmaster,RNA,Uncommon,$0.25,$1.25,,
4,Screaming Shield,RNA,Uncommon,$0.25,$1.00,,
4,Bloodmist Infiltrator,RNA,Uncommon,$0.25,$1.00,,
4,Knight of the Last Breath,RNA,Uncommon,$0.25,$1.00,,
3,Eyes Everywhere,RNA,Uncommon,$0.25,$0.75,,
3,Silhana Wayfinder,RNA,Uncommon,$0.25,$0.75,,
3,Macabre Mockery,RNA,Uncommon,$0.25,$0.75,,
2,Spirit of the Spires,RNA,Uncommon,$0.25,$0.50,,
2,Gateway Sneak,RNA,Uncommon,$0.25,$0.50,,
2,Spire Mangler,RNA,Uncommon,$0.25,$0.50,,
5,Hackrobat,RNA,Uncommon,$0.25,$1.25,,
4,Combine Guildmage,RNA,Uncommon,$0.25,$1.00,,
4,Junktroller,RNA,Uncommon,$0.25,$1.00,,
4,Windstorm Drake,RNA,Uncommon,$0.25,$1.00,,
4,Cult Guildmage,RNA,Uncommon,$0.25,$1.00,,
4,Enraged Ceratok,RNA,Uncommon,$0.24,$0.96,,
3,Book Devourer,GRN,Uncommon,$0.25,$0.75,,
3,Swirling Torrent,RNA,Uncommon,$0.25,$0.75,,
2,Dagger Caster,RNA,Uncommon,$0.25,$0.50,,
3,Necrotic Wound,GRN,Uncommon,$0.25,$0.75,,
2,Fight with Fire,DOM,Uncommon,$0.25,$0.50,,
1,Dragon Egg,M19,Uncommon,$0.25,$0.25,,
4,Invert // Invent,GRN,Uncommon,$0.25,$1.00,,
2,Elfhame Druid,DOM,Uncommon,$0.25,$0.50,,
2,Sorcerer's Wand,DOM,Uncommon,$0.25,$0.50,,
1,"Urgoros, the Empty One",DOM,Uncommon,$0.25,$0.25,,
1,District Guide,GRN,Uncommon,$0.25,$0.25,,
4,Weight of Memory,DOM,Uncommon,$0.25,$1.00,,
4,House Guildmage,GRN,Uncommon,$0.25,$1.00,,
4,Simic Fluxmage,GTC,Uncommon,$0.25,$1.00,,
4,Gruul Keyrune,GTC,Uncommon,$0.25,$1.00,,
4,Elusive Krasis,GTC,Uncommon,$0.25,$1.00,,
3,Sentinel of the Pearl Trident,DOM,Uncommon,$0.25,$0.75,,
3,One Thousand Lashes,GTC,Uncommon,$0.25,$0.75,,
3,Inferno Hellion,M19,Uncommon,$0.24,$0.72,,
2,Simic Keyrune,GTC,Uncommon,$0.25,$0.50,,
2,Gruul Charm,GTC,Uncommon,$0.25,$0.50,,
2,Nightmare's Thirst,M19,Uncommon,$0.25,$0.50,,
1,Warcry Phoenix,DOM,Uncommon,$0.25,$0.25,,
1,Firefist Adept,DOM,Uncommon,$0.25,$0.25,,
1,Crowned Ceratok,GTC,Uncommon,$0.25,$0.25,,
6,Angelic Exaltation,RNA,Uncommon,$0.25,$1.50,,0
4,Conclave Cavalier,GRN,Uncommon,$0.25,$1.00,,
3,Selective Snare,GRN,Uncommon,$0.25,$0.75,,
3,Sift,M19,Uncommon,$0.25,$0.75,,
2,Syndicate Guildmage,RNA,Uncommon,$0.25,$0.50,,
2,Urza's Tome,DOM,Uncommon,$0.25,$0.50,,
2,Swarm Guildmage,GRN,Uncommon,$0.25,$0.50,,
2,Blood Divination,M19,Uncommon,$0.25,$0.50,,
1,Rise from the Grave,M19,Uncommon,$0.25,$0.25,,
1,Horizon Scholar,M19,Uncommon,$0.25,$0.25,,
1,Switcheroo,M19,Uncommon,$0.25,$0.25,,
6,Galloping Lizrog,RNA,Uncommon,$0.25,$1.50,,
3,Clear the Stage,RNA,Uncommon,$0.24,$0.72,,
3,Citywatch Sphinx,GRN,Uncommon,$0.25,$0.75,,
3,Gift of Orzhova,GTC,Uncommon,$0.25,$0.75,,
3,Rakdos Firewheeler,RNA,Uncommon,$0.25,$0.75,,
2,Opt,DOM,Common,$0.25,$0.50,,
2,Swathcutter Giant,GRN,Uncommon,$0.25,$0.50,,
2,Hellkite Whelp,GRN,Uncommon,$0.24,$0.48,,
2,Druid of Horns,M19,Uncommon,$0.25,$0.50,,
2,Fiery Finish,M19,Uncommon,$0.24,$0.48,,
2,Clan Guildmage,RNA,Uncommon,$0.25,$0.50,,
1,Orcish Vandal,DOM,Uncommon,$0.24,$0.24,,
1,Arboretum Elemental,GRN,Uncommon,$0.25,$0.25,,
1,Haazda Marshal,GRN,Uncommon,$0.25,$0.25,,
1,Might of the Masses,GRN,Uncommon,$0.25,$0.25,,
1,Roc Charger,GRN,Uncommon,$0.24,$0.24,,
1,Ghastbark Twins,M19,Uncommon,$0.25,$0.25,,
1,Gargoyle Sentinel,M19,Uncommon,$0.24,$0.24,,
1,Clamor Shaman,RNA,Uncommon,$0.25,$0.25,,
1,Trollbred Guardian,RNA,Uncommon,$0.25,$0.25,,
6,Whispering Snitch,GRN,Uncommon,$0.25,$1.50,,
6,Bolrac-Clan Crusher,RNA,Uncommon,$0.25,$1.50,,
5,Bankrupt in Blood,RNA,Uncommon,$0.26,$1.30,,
5,Code of Constraint,RNA,Uncommon,$0.24,$1.20,,
4,Wee Dragonauts,GRN,Uncommon,$0.25,$1.00,,
4,Rampaging Monument,GRN,Uncommon,$0.25,$1.00,,
4,Beamsplitter Mage,GRN,Uncommon,$0.25,$1.00,,
3,Inescapable Blaze,GRN,Uncommon,$0.25,$0.75,,
2,Lotleth Giant,GRN,Uncommon,$0.25,$0.50,,
2,Conclave Guildmage,GRN,Uncommon,$0.25,$0.50,,
2,Glaive of the Guildpact,GRN,Uncommon,$0.25,$0.50,,
2,Sprouting Renewal,GRN,Uncommon,$0.25,$0.50,,
2,Golgari Findbroker,GRN,Uncommon,$0.25,$0.50,,
2,Undercity Necrolisk,GRN,Uncommon,$0.23,$0.46,,
2,Demotion,GRN,Uncommon,$0.25,$0.50,,
2,Grappling Sundew,GRN,Uncommon,$0.25,$0.50,,
1,Inspiring Unicorn,GRN,Uncommon,$0.25,$0.25,,
1,Affectionate Indrik,GRN,Uncommon,$0.24,$0.24,,
1,Golgari Raiders,GRN,Uncommon,$0.25,$0.25,,
5,Knight of Obligation,GTC,Uncommon,$0.25,$1.25,,
2,Sunhome Stalwart,GRN,Uncommon,$0.25,$0.50,,
1,Hold the Gates,GTC,Uncommon,$0.25,$0.25,,
3,Ground Assault,GTC,Uncommon,$0.24,$0.72,,
3,Hellraiser Goblin,GTC,Uncommon,$0.24,$0.72,,
2,Juggernaut,DOM,Uncommon,$0.24,$0.48,,
2,Dying Wish,GTC,Uncommon,$0.25,$0.50,,
2,Homing Lightning,GTC,Uncommon,$0.24,$0.48,,
4,Street Riot,GRN,Uncommon,$0.24,$0.96,,
3,Frenzied Tilling,GTC,Uncommon,$0.24,$0.72,,
3,Sunhome Guildmage,GTC,Uncommon,$0.24,$0.72,,
2,Thorn Elemental,DOM,Uncommon,$0.25,$0.50,,
2,Smelt-Ward Minotaur,GRN,Uncommon,$0.25,$0.50,,
1,Miming Slime,GTC,Uncommon,$0.25,$0.25,,
1,Debtor's Pulpit,GTC,Uncommon,$0.23,$0.23,,
3,Kraul Swarm,GRN,Uncommon,$0.24,$0.72,,
2,Lingering Phantom,DOM,Uncommon,$0.25,$0.50,,
2,Join Shields,GRN,Uncommon,$0.25,$0.50,,
2,Ledev Champion,GRN,Uncommon,$0.25,$0.50,,
2,Worldsoul Colossus,GRN,Uncommon,$0.25,$0.50,,
2,Flight of Equenauts,GRN,Uncommon,$0.24,$0.48,,
3,Artificer's Assistant,DOM,Common,$0.25,$0.75,,
2,Ripscale Predator,GTC,Uncommon,$0.23,$0.46,,
4,Ghitu Lavarunner,DOM,Common,$0.25,$1.00,,
3,Skirk Prospector,DOM,Common,$0.30,$0.90,,
3,Rust Scarab,GTC,Uncommon,$0.24,$0.72,,
3,Mark for Death,GTC,Uncommon,$0.21,$0.63,,
3,Skarrg Guildmage,GTC,Uncommon,$0.24,$0.72,,
3,Urbis Protector,GTC,Uncommon,$0.25,$0.75,,
2,Bane Alley Broker,GTC,Uncommon,$0.24,$0.48,,
2,Call of the Nightwing,GTC,Uncommon,$0.24,$0.48,,
2,Sapphire Drake,GTC,Uncommon,$0.24,$0.48,,
2,Cinder Elemental,GTC,Uncommon,$0.23,$0.46,,
1,Vizkopa Confessor,GTC,Uncommon,$0.25,$0.25,,
1,Murder Investigation,GTC,Uncommon,$0.23,$0.23,,
1,Mindeye Drake,GTC,Uncommon,$0.24,$0.24,,
4,Ordruun Veteran,GTC,Uncommon,$0.24,$0.96,,
4,Cloudfin Raptor,GTC,Common,$0.24,$0.96,,
3,Blink of an Eye,DOM,Common,$0.25,$0.75,,
3,Smog Elemental,GTC,Uncommon,$0.22,$0.66,,
3,Foundry Street Denizen,GTC,Common,$0.25,$0.75,,
2,Silent Dart,GRN,Uncommon,$0.23,$0.46,,
2,Gridlock,GTC,Uncommon,$0.25,$0.50,,
2,Serene Remembrance,GTC,Uncommon,$0.25,$0.50,,
12,Thought Collapse,RNA,Common,$0.25,$3.00,,
2,Coerced Confession,GTC,Uncommon,$0.24,$0.48,,
8,Burglar Rat,GRN,Common,$0.28,$2.24,,
4,Viashino Shanktail,GTC,Uncommon,$0.21,$0.84,,
2,Arrows of Justice,GTC,Uncommon,$0.24,$0.48,,
2,Firefist Striker,GTC,Uncommon,$0.24,$0.48,,
2,Fortress Cyclops,GTC,Uncommon,$0.22,$0.44,,
2,Gateway Shade,GTC,Uncommon,$0.23,$0.46,,
1,Merfolk of the Depths,GTC,Uncommon,$0.22,$0.22,,
1,Mask of Immolation,M20,Uncommon,$0.24,$0.24,,
10,Vicious Rumors,GRN,Common,$0.26,$2.60,,
6,Llanowar Scout,DOM,Common,$0.27,$1.62,,
5,Powerstone Shard,DOM,Common,$0.25,$1.25,,
3,Warlord's Fury,DOM,Common,$0.25,$0.75,,
2,Hindervines,GTC,Uncommon,$0.23,$0.46,,
2,Righteous Charge,GTC,Uncommon,$0.23,$0.46,,
1,Saproling Migration,DOM,Common,$0.25,$0.25,,
1,Revitalize,M19,Common,$0.24,$0.24,,
4,Prophetic Prism,GTC,Common,$0.24,$0.96,,
3,Adventurous Impulse,DOM,Common,$0.23,$0.69,,
1,Sovereign's Bite,M19,Common,$0.25,$0.25,,
4,Adamant Will,DOM,Common,$0.20,$0.80,,
1,Hunted Witness,GRN,Common,$0.24,$0.24,,
9,Disdainful Stroke,GRN,Common,$0.24,$2.16,,
8,Impassioned Orator,RNA,Common,$0.30,$2.40,,
3,Shadow Alley Denizen,GTC,Common,$0.23,$0.69,,
2,Salvager of Secrets,M19,Common,$0.25,$0.50,,
2,Gatekeeper Gargoyle,GRN,Uncommon,$0.22,$0.44,,
14,Quench,RNA,Common,$0.20,$2.80,,
14,Shimmer of Possibility,RNA,Common,$0.25,$3.50,,
9,Footlight Fiend,RNA,Common,$0.25,$2.25,,
5,Angel of the Dawn,M19,Common,$0.20,$1.00,,
3,Invoke the Divine,DOM,Common,$0.20,$0.60,,
3,Voltaic Servant,DOM,Common,$0.24,$0.72,,
3,Bioshift,GTC,Common,$0.24,$0.72,,
2,Ivy Lane Denizen,GTC,Common,$0.25,$0.50,,
1,Demonic Vigor,DOM,Common,$0.23,$0.23,,
7,Hired Poisoner,GRN,Common,$0.20,$1.40,,
3,Massive Raid,GTC,Common,$0.25,$0.75,,
1,Shock,M19,Common,$0.24,$0.24,,
10,Ill-Gotten Inheritance,RNA,Common,$0.25,$2.50,,
5,Maximize Velocity,GRN,Common,$0.20,$1.00,,
5,Tormenting Voice,M19,Common,$0.25,$1.25,,
2,Dark Bargain,DOM,Common,$0.21,$0.42,,
13,Saruli Caretaker,RNA,Common,$0.25,$3.25,,
8,Clear the Mind,RNA,Common,$0.25,$2.00,,
6,Manalith,M19,Common,$0.25,$1.50,,
7,Radical Idea,GRN,Common,$0.24,$1.68,,
2,Syncopate,DOM,Common,$0.25,$0.50,,
6,Basilica Screecher,GTC,Common,$0.25,$1.50,,
4,Deathbloom Thallid,DOM,Common,$0.19,$0.76,,
3,Divest,DOM,Common,$0.22,$0.66,,
3,Skyscanner,M19,Common,$0.24,$0.72,,
2,Epicure of Blood,M19,Common,$0.25,$0.50,,
18,Imperious Oligarch,RNA,Common,$0.25,$4.50,,
7,Balustrade Spy,GTC,Common,$0.24,$1.68,,
6,Deep Freeze,DOM,Common,$0.20,$1.20,,
4,Rustwing Falcon,M19,Common,$0.22,$0.88,,
4,Take Vengeance,M19,Common,$0.22,$0.88,,
3,Yavimaya Sapherd,DOM,Common,$0.21,$0.63,,
3,Fungal Infection,DOM,Common,$0.24,$0.72,,
1,Devour Flesh,GTC,Common,$0.24,$0.24,,
1,Duress,M19,Common,$0.20,$0.20,,
13,Slimebind,RNA,Common,$0.19,$2.47,,
12,Root Snare,RNA,Common,$0.20,$2.40,,
12,Sphinx's Insight,RNA,Common,$0.20,$2.40,,
12,Sage's Row Savant,RNA,Common,$0.19,$2.28,,
11,Lawmage's Binding,RNA,Common,$0.23,$2.53,,
8,Rakdos Trumpeter,RNA,Common,$0.20,$1.60,,
7,Corrosive Ooze,DOM,Common,$0.20,$1.40,,
5,Call the Cavalry,DOM,Common,$0.20,$1.00,,
5,Torch Courier,GRN,Common,$0.23,$1.15,,
5,Trusty Packbeast,M19,Common,$0.19,$0.95,,
5,Star-Crowned Stag,M19,Common,$0.20,$1.00,,
4,Skittering Surveyor,DOM,Common,$0.21,$0.84,,
4,Serra Disciple,DOM,Common,$0.19,$0.76,,
4,Homarid Explorer,DOM,Common,$0.20,$0.80,,
4,Dub,DOM,Common,$0.19,$0.76,,
4,Dwarven Priest,M19,Common,$0.20,$0.80,,
4,Gallant Cavalry,M19,Common,$0.20,$0.80,,
4,Sauroform Hybrid,RNA,Common,$0.19,$0.76,,
3,Charge,DOM,Common,$0.18,$0.54,,
3,Drudge Sentinel,DOM,Common,$0.19,$0.57,,
3,Cold-Water Snapper,DOM,Common,$0.19,$0.57,,
3,Ancient Animus,DOM,Common,$0.20,$0.60,,
3,Madcap Skills,GTC,Common,$0.21,$0.63,,
3,Druid of the Cowl,M19,Common,$0.24,$0.72,,
3,Rhox Oracle,M19,Common,$0.20,$0.60,,
2,Shivan Fire,DOM,Common,$0.20,$0.40,,
2,Rampaging Cyclops,DOM,Common,$0.19,$0.38,,
2,Knight of the Tusk,M19,Common,$0.20,$0.40,,
2,Daybreak Chaplain,M19,Common,$0.19,$0.38,,
1,Caligo Skin-Witch,DOM,Common,$0.20,$0.20,,
1,Anticipate,M19,Common,$0.22,$0.22,,
8,Goblin Electromancer,GRN,Common,$0.25,$2.00,,
13,Open the Gates,RNA,Common,$0.24,$3.12,,
12,Notion Rain,GRN,Common,$0.23,$2.76,,
7,Shambleshark,GTC,Common,$0.19,$1.33,,
4,Paranoid Delusions,GTC,Common,$0.23,$0.92,,
4,Deathcult Rogue,GTC,Common,$0.22,$0.88,,
2,Doomed Dissenter,M19,Common,$0.23,$0.46,,
17,Vizkopa Vampire,RNA,Common,$0.20,$3.40,,
15,Wrecking Beast,RNA,Common,$0.19,$2.85,,
13,Goblin Gathering,RNA,Common,$0.24,$3.12,,
13,Steeple Creeper,RNA,Common,$0.20,$2.60,,
13,Spear Spewer,RNA,Common,$0.25,$3.25,,
13,Grasping Thrull,RNA,Common,$0.18,$2.34,,
13,Feral Maaka,RNA,Common,$0.17,$2.21,,
13,Spikewheel Acrobat,RNA,Common,$0.19,$2.47,,
11,Rafter Demon,RNA,Common,$0.20,$2.20,,
11,Bring to Trial,RNA,Common,$0.19,$2.09,,
11,Stony Strength,RNA,Common,$0.23,$2.53,,
11,Rubble Reading,RNA,Common,$0.19,$2.09,,
10,Gravitic Punch,GRN,Common,$0.19,$1.90,,
10,Savage Smash,RNA,Common,$0.20,$2.00,,
10,Deface,RNA,Common,$0.19,$1.90,,
10,Scorchmark,RNA,Common,$0.19,$1.90,,
10,Burn Bright,RNA,Common,$0.17,$1.70,,
9,Final Payment,RNA,Common,$0.25,$2.25,,
9,Titanic Brawl,RNA,Common,$0.25,$2.25,,
9,Noxious Groodion,RNA,Common,$0.19,$1.71,,
9,Justiciar's Portal,RNA,Common,$0.24,$2.16,,
9,Plague Wight,RNA,Common,$0.18,$1.62,,
9,Mammoth Spider,RNA,Common,$0.18,$1.62,,
8,Faerie Duelist,RNA,Common,$0.20,$1.60,,
8,Rakdos Roustabout,RNA,Common,$0.19,$1.52,,
8,Burning-Tree Vandal,RNA,Common,$0.19,$1.52,,
7,Zhur-Taa Swine,GTC,Common,$0.17,$1.19,,
7,Oreskos Swiftclaw,M19,Common,$0.20,$1.40,,
7,Loxodon Line Breaker,M19,Common,$0.20,$1.40,,
7,Gravel-Hide Goblin,RNA,Common,$0.18,$1.26,,
6,Navigator's Compass,DOM,Common,$0.20,$1.20,,
6,Healing Grace,DOM,Common,$0.19,$1.14,,
6,Windgrace Acolyte,DOM,Common,$0.18,$1.08,,
6,Plummet,M19,Common,$0.17,$1.02,,
6,Catalyst Elemental,M19,Common,$0.20,$1.20,,
5,Primordial Wurm,DOM,Common,$0.19,$0.95,,
5,Mesa Unicorn,DOM,Common,$0.20,$1.00,,
5,Keldon Warcaller,DOM,Common,$0.19,$0.95,,
5,Aven Sentry,DOM,Common,$0.18,$0.90,,
5,Academy Drake,DOM,Common,$0.19,$0.95,,
5,Abnormal Endurance,M19,Common,$0.25,$1.25,,
5,Wall of Mist,M19,Common,$0.20,$1.00,,
5,Thornhide Wolves,M19,Common,$0.19,$0.95,,
5,Lich's Caress,M19,Common,$0.19,$0.95,,
4,Tragic Poet,DOM,Common,$0.19,$0.76,,
4,Pardic Wanderer,DOM,Common,$0.19,$0.76,,
4,Jousting Lance,DOM,Common,$0.20,$0.80,,
4,Gaea's Protector,DOM,Common,$0.18,$0.72,,
4,Feral Abomination,DOM,Common,$0.19,$0.76,,
4,D'Avenant Trapper,DOM,Common,$0.19,$0.76,,
4,Cloudreader Sphinx,DOM,Common,$0.19,$0.76,,
4,Blessing of Belzenlok,DOM,Common,$0.20,$0.80,,
4,Whisper Agent,GRN,Common,$0.19,$0.76,,
4,Talons of Wildwood,M19,Common,$0.20,$0.80,,
4,Two-Headed Zombie,M19,Common,$0.19,$0.76,,
4,Root Snare,M19,Common,$0.20,$0.80,,
4,Ghostform,M19,Common,$0.20,$0.80,,
4,Daggerback Basilisk,M19,Common,$0.22,$0.88,,
4,Child of Night,M19,Common,$0.20,$0.80,,
3,Run Amok,DOM,Common,$0.20,$0.60,,
3,Thallid Omnivore,DOM,Common,$0.20,$0.60,,
3,Sergeant-at-Arms,DOM,Common,$0.19,$0.57,,
3,Excavation Elephant,DOM,Common,$0.18,$0.54,,
3,Cabal Paladin,DOM,Common,$0.19,$0.57,,
3,Arbor Armament,DOM,Common,$0.20,$0.60,,
3,Marauder's Axe,M19,Common,$0.19,$0.57,,
3,Macabre Waltz,M19,Common,$0.20,$0.60,,
3,Lava Axe,M19,Common,$0.20,$0.60,,
3,Infernal Scarring,M19,Common,$0.19,$0.57,,
3,Hired Blade,M19,Common,$0.19,$0.57,,
3,Gearsmith Prodigy,M19,Common,$0.20,$0.60,,
3,Centaur Courser,M19,Common,$0.19,$0.57,,
3,Aviation Pioneer,M19,Common,$0.22,$0.66,,
2,Vicious Offering,DOM,Common,$0.20,$0.40,,
2,Pegasus Courser,DOM,Common,$0.18,$0.36,,
2,Guardians of Koilos,DOM,Common,$0.19,$0.38,,
2,Befuddle,DOM,Common,$0.19,$0.38,,
2,Baloth Gorger,DOM,Common,$0.19,$0.38,,
2,Arcane Flight,DOM,Common,$0.20,$0.40,,
2,Academy Journeymage,DOM,Common,$0.20,$0.40,,
2,Dwindle,M19,Common,$0.20,$0.40,,
2,Sure Strike,M19,Common,$0.18,$0.36,,
2,Sparktongue Dragon,M19,Common,$0.18,$0.36,,
2,Smelt,M19,Common,$0.22,$0.44,,
2,Scholar of Stars,M19,Common,$0.20,$0.40,,
2,Oakenform,M19,Common,$0.20,$0.40,,
2,Inspired Charge,M19,Common,$0.18,$0.36,,
2,Havoc Devils,M19,Common,$0.19,$0.38,,
2,Field Creeper,M19,Common,$0.20,$0.40,,
1,Gift of Growth,DOM,Common,$0.20,$0.20,,
1,Rabid Bite,M19,Common,$0.20,$0.20,,
1,Naturalize,M19,Common,$0.20,$0.20,,
1,Mind Rot,M19,Common,$0.20,$0.20,,
1,Knight's Pledge,M19,Common,$0.20,$0.20,,
1,Highland Game,M19,Common,$0.20,$0.20,,
1,Greenwood Sentinel,M19,Common,$0.19,$0.19,,
1,Colossal Dreadmaw,M19,Common,$0.20,$0.20,,
1,Cavalry Drillmaster,M19,Common,$0.20,$0.20,,
17,Act of Treason,RNA,Common,$0.20,$3.40,,
16,Twilight Panther,RNA,Common,$0.20,$3.20,,
15,Wishcoin Crab,GRN,Common,$0.17,$2.55,,
15,Concordia Pegasus,RNA,Common,$0.18,$2.70,,
15,Scuttlegator,RNA,Common,$0.20,$3.00,,
14,Rubblebelt Recluse,RNA,Common,$0.19,$2.66,,
14,Arrester's Admonition,RNA,Common,$0.18,$2.52,,
14,Tenth District Veteran,RNA,Common,$0.18,$2.52,,
13,Applied Biomancy,RNA,Common,$0.19,$2.47,,
13,Chillbringer,RNA,Common,$0.19,$2.47,,
12,Dead Revels,RNA,Common,$0.20,$2.40,,
12,Sagittars' Volley,RNA,Common,$0.19,$2.28,,
11,Undercity's Embrace,RNA,Common,$0.19,$2.09,,
11,Syndicate Messenger,RNA,Common,$0.18,$1.98,,
10,Aeromunculus,RNA,Common,$0.19,$1.90,,
10,Summary Judgment,RNA,Common,$0.19,$1.90,,
9,Sylvan Brushstrider,RNA,Common,$0.18,$1.62,,
9,Axebane Beast,RNA,Common,$0.17,$1.53,,
9,Senate Courier,RNA,Common,$0.18,$1.62,,
8,Skyknight Legionnaire,GTC,Common,$0.16,$1.28,,
8,Thirsting Shade,RNA,Common,$0.20,$1.60,,
8,Prying Eyes,RNA,Common,$0.19,$1.52,,
8,Get the Point,RNA,Common,$0.18,$1.44,,
8,Expose to Daylight,RNA,Common,$0.20,$1.60,,
7,Storm Strike,RNA,Common,$0.20,$1.40,,
7,Humongulus,RNA,Common,$0.19,$1.33,,
6,Cabal Evangel,DOM,Common,$0.18,$1.08,,
6,Portcullis Vine,GRN,Common,$0.19,$1.14,,
6,Crocanura,GTC,Common,$0.20,$1.20,,
6,Knight Watch,GTC,Common,$0.17,$1.02,,
6,Frenzied Arynx,RNA,Common,$0.20,$1.20,,
6,Prowling Caracal,RNA,Common,$0.19,$1.14,,
5,Devious Cover-Up,GRN,Common,$0.20,$1.00,,
5,Zarichi Tiger,GTC,Common,$0.17,$0.85,,
5,Totally Lost,M19,Common,$0.19,$0.95,,
5,Fire Elemental,M19,Common,$0.19,$0.95,,
5,Bristling Boar,M19,Common,$0.19,$0.95,,
4,Tolarian Scholar,DOM,Common,$0.19,$0.76,,
4,Sparring Construct,DOM,Common,$0.21,$0.84,,
4,Seismic Shift,DOM,Common,$0.19,$0.76,,
4,Rescue,DOM,Common,$0.19,$0.76,,
4,Keldon Raider,DOM,Common,$0.19,$0.76,,
4,Frenzied Rage,DOM,Common,$0.19,$0.76,,
4,Benalish Honor Guard,DOM,Common,$0.20,$0.80,,
4,Unexplained Disappearance,GRN,Common,$0.19,$0.76,,
4,Centaur Peacemaker,GRN,Common,$0.18,$0.72,,
4,Luminous Bonds,GRN,Common,$0.15,$0.60,,
4,Wojek Halberdiers,GTC,Common,$0.19,$0.76,,
4,Beckon Apparition,GTC,Common,$0.19,$0.76,,
4,Basilica Guards,GTC,Common,$0.18,$0.72,,
4,Spire Tracer,GTC,Common,$0.20,$0.80,,
4,Contaminated Ground,GTC,Common,$0.20,$0.80,,
4,Adaptive Snapjaw,GTC,Common,$0.18,$0.72,,
4,Onakke Ogre,M19,Common,$0.18,$0.72,,
3,Relic Runner,DOM,Common,$0.19,$0.57,,
3,Llanowar Envoy,DOM,Common,$0.19,$0.57,,
3,Krosan Druid,DOM,Common,$0.19,$0.57,,
3,Knight of New Benalia,DOM,Common,$0.18,$0.54,,
3,Fire Elemental,DOM,Common,$0.18,$0.54,,
3,Bloodtallow Candle,DOM,Common,$0.20,$0.60,,
3,Bloodstone Goblin,DOM,Common,$0.20,$0.60,,
3,Blessed Light,DOM,Common,$0.20,$0.60,,
3,Cosmotronic Wave,GRN,Common,$0.20,$0.60,,
3,Syndic of Tithes,GTC,Common,$0.22,$0.66,,
3,Kingpin's Pet,GTC,Common,$0.22,$0.66,,
3,Riot Gear,GTC,Common,$0.20,$0.60,,
3,Naturalize,GTC,Common,$0.20,$0.60,,
3,Verdant Haven,GTC,Common,$0.20,$0.60,,
3,Tin Street Market,GTC,Common,$0.18,$0.54,,
3,Strangling Spores,M19,Common,$0.18,$0.54,,
3,Omenspeaker,M19,Common,$0.20,$0.60,,
3,Hostile Minotaur,M19,Common,$0.19,$0.57,,
3,Explosive Apparatus,M19,Common,$0.19,$0.57,,
3,Electrify,M19,Common,$0.19,$0.57,,
2,Ghitu Chronicler,DOM,Common,$0.19,$0.38,,
2,Divination,DOM,Common,$0.19,$0.38,,
2,Skyknight Legionnaire,GRN,Common,$0.19,$0.38,,
2,Executioner's Swing,GTC,Common,$0.19,$0.38,,
2,Dutiful Thrull,GTC,Common,$0.16,$0.32,,
2,Cancel,M19,Common,$0.23,$0.46,,
2,Boggart Brute,M19,Common,$0.20,$0.40,,
1,Vodalian Arcanist,DOM,Common,$0.19,$0.19,,
1,Radiating Lightning,DOM,Common,$0.20,$0.20,,
1,Keldon Overseer,DOM,Common,$0.19,$0.19,,
1,Hydroform,GTC,Common,$0.18,$0.18,,
1,Aerial Maneuver,GTC,Common,$0.18,$0.18,,
1,Uncomfortable Chill,M19,Common,$0.20,$0.20,,
1,Giant Spider,M19,Common,$0.20,$0.20,,
7,Coral Commando,RNA,Common,$0.20,$1.40,,
17,Gift of Strength,RNA,Common,$0.18,$3.06,,
16,Consign to the Pit,RNA,Common,$0.18,$2.88,,
15,Rampaging Rendhorn,RNA,Common,$0.18,$2.70,,
13,Bartizan Bats,GRN,Common,$0.15,$1.95,,
13,Haazda Officer,RNA,Common,$0.18,$2.34,,
12,Never Happened,GRN,Common,$0.15,$1.80,,
12,Darkblade Agent,GRN,Common,$0.17,$2.04,,
12,Arrester's Zeal,RNA,Common,$0.18,$2.16,,
12,Carrion Imp,RNA,Common,$0.18,$2.16,,
11,Dimir Informant,GRN,Common,$0.19,$2.09,,
11,Skitter Eel,RNA,Common,$0.19,$2.09,,
11,Territorial Boar,RNA,Common,$0.18,$1.98,,
10,Wall of Mist,GRN,Common,$0.18,$1.80,,
10,Dead Weight,GRN,Common,$0.18,$1.80,,
10,Pause for Reflection,GRN,Common,$0.19,$1.90,,
10,Passwall Adept,GRN,Common,$0.15,$1.50,,
10,Debtors' Transport,RNA,Common,$0.18,$1.80,,
10,Blade Juggler,RNA,Common,$0.19,$1.90,,
10,Undercity Scavenger,RNA,Common,$0.18,$1.80,,
9,Capture Sphere,GRN,Common,$0.18,$1.62,,
9,Barrier of Bones,GRN,Common,$0.18,$1.62,,
9,Fearless Halberdier,GRN,Common,$0.15,$1.35,,
9,Fire Urchin,GRN,Common,$0.16,$1.44,,
9,Bladebrand,RNA,Common,$0.20,$1.80,,
8,Maximize Altitude,GRN,Common,$0.18,$1.44,,
8,Piston-Fist Cyclops,GRN,Common,$0.15,$1.20,,
8,Leapfrog,GRN,Common,$0.18,$1.44,,
8,Wild Ceratok,GRN,Common,$0.15,$1.20,,
8,Command the Storm,GRN,Common,$0.15,$1.20,,
8,Skinbrand Goblin,GTC,Common,$0.20,$1.60,,
8,Catacomb Crocodile,RNA,Common,$0.18,$1.44,,
8,Grotesque Demise,RNA,Common,$0.18,$1.44,,
8,Azorius Knight-Arbiter,RNA,Common,$0.19,$1.52,,
7,Hypothesizzle,GRN,Common,$0.18,$1.26,,
7,Candlelight Vigil,GRN,Common,$0.15,$1.05,,
7,Barging Sergeant,GRN,Common,$0.17,$1.19,,
7,Direct Current,GRN,Common,$0.15,$1.05,,
7,Hitchclaw Recluse,GRN,Common,$0.15,$1.05,,
7,Mephitic Vapors,GRN,Common,$0.18,$1.26,,
7,Pack's Favor,GRN,Common,$0.15,$1.05,,
7,Sure Strike,GRN,Common,$0.15,$1.05,,
7,Prey Upon,GRN,Common,$0.19,$1.33,,
7,Veiled Shade,GRN,Common,$0.15,$1.05,,
7,Mortus Strider,GTC,Common,$0.19,$1.33,,
7,Ghor-Clan Wrecker,RNA,Common,$0.18,$1.26,,
7,Rubble Slinger,RNA,Common,$0.18,$1.26,,
7,Senate Griffin,RNA,Common,$0.18,$1.26,,
6,Undercity Uprising,GRN,Common,$0.17,$1.02,,
6,Sumala Woodshaper,GRN,Common,$0.17,$1.02,,
6,Sonic Assault,GRN,Common,$0.15,$0.90,,
6,Rosemane Centaur,GRN,Common,$0.16,$0.96,,
6,Righteous Blow,GRN,Common,$0.17,$1.02,,
6,Generous Stray,GRN,Common,$0.21,$1.26,,
6,Dazzling Lights,GRN,Common,$0.18,$1.08,,
6,Crushing Canopy,GRN,Common,$0.18,$1.08,,
6,Parhelion Patrol,GRN,Common,$0.17,$1.02,,
6,Ornery Goblin,GRN,Common,$0.18,$1.08,,
6,Kraul Foragers,GRN,Common,$0.18,$1.08,,
6,Muse Drake,GRN,Common,$0.15,$0.90,,
6,Urban Utopia,GRN,Common,$0.19,$1.14,,
6,Erstwhile Trooper,GRN,Common,$0.15,$0.90,,
6,Vedalken Mesmerist,GRN,Common,$0.15,$0.90,,
6,Loxodon Restorer,GRN,Common,$0.15,$0.90,,
6,Slate Street Ruffian,GTC,Common,$0.17,$1.02,,
5,Aesthir Glider,DOM,Common,$0.18,$0.90,,
5,Sworn Companions,GRN,Common,$0.18,$0.90,,
5,Siege Wurm,GRN,Common,$0.15,$0.75,,
5,Severed Strands,GRN,Common,$0.18,$0.90,,
5,Blade Instructor,GRN,Common,$0.20,$1.00,,
5,Watcher in the Mist,GRN,Common,$0.19,$0.95,,
5,Vigorspore Wurm,GRN,Common,$0.15,$0.75,,
5,Rubblebelt Boar,GRN,Common,$0.15,$0.75,,
5,Hammer Dropper,GRN,Common,$0.15,$0.75,,
5,Artful Takedown,GRN,Common,$0.16,$0.80,,
5,Moodmark Painter,GRN,Common,$0.15,$0.75,,
5,Skyline Scout,GRN,Common,$0.15,$0.75,,
5,Warmind Infantry,GTC,Common,$0.18,$0.90,,
5,Disciple of the Old Ways,GTC,Common,$0.16,$0.80,,
5,Divination,M19,Common,$0.20,$1.00,,
5,Collar the Culprit,GRN,Common,$0.15,$0.75,,
5,Spinal Centipede,GRN,Common,$0.17,$0.85,,
4,Pierce the Sky,DOM,Common,$0.17,$0.68,,
4,Gideon's Reproach,DOM,Common,$0.19,$0.76,,
4,Fervent Strike,DOM,Common,$0.19,$0.76,,
4,Child of Night,GRN,Common,$0.15,$0.60,,
4,Ledev Guardian,GRN,Common,$0.15,$0.60,,
4,Pitiless Gorgon,GRN,Common,$0.18,$0.72,,
4,Maniacal Rage,GRN,Common,$0.15,$0.60,,
4,Goblin Locksmith,GRN,Common,$0.15,$0.60,,
4,Fresh-Faced Recruit,GRN,Common,$0.15,$0.60,,
4,Deadly Visit,GRN,Common,$0.18,$0.72,,
4,Vernadi Shieldmate,GRN,Common,$0.15,$0.60,,
4,Tenth District Guard,GRN,Common,$0.15,$0.60,,
4,Garrison Sergeant,GRN,Common,$0.15,$0.60,,
4,Douser of Lights,GRN,Common,$0.15,$0.60,,
4,Gutter Skulk,GTC,Common,$0.19,$0.76,,
4,Mugging,GTC,Common,$0.18,$0.72,,
4,Slaughterhorn,GTC,Common,$0.19,$0.76,,
4,Ruination Wurm,GTC,Common,$0.17,$0.68,,
4,Millennial Gargoyle,GTC,Common,$0.16,$0.64,,
4,Metropolis Sprite,GTC,Common,$0.18,$0.72,,
4,Last Thoughts,GTC,Common,$0.19,$0.76,,
4,Armored Transport,GTC,Common,$0.17,$0.68,,
4,Gearsmith Guardian,M19,Common,$0.18,$0.72,,
3,Ghitu Journeymage,DOM,Common,$0.20,$0.60,,
3,Eviscerate,DOM,Common,$0.18,$0.54,,
3,Take Heart,GRN,Common,$0.18,$0.54,,
3,Guildscorn Ward,GTC,Common,$0.18,$0.54,,
3,Daring Skyjek,GTC,Common,$0.18,$0.54,,
3,Martial Glory,GTC,Common,$0.19,$0.57,,
3,Court Street Denizen,GTC,Common,$0.19,$0.57,,
3,Smite,GTC,Common,$0.18,$0.54,,
3,Predator's Rapport,GTC,Common,$0.19,$0.57,,
3,Furious Resistance,GTC,Common,$0.18,$0.54,,
3,Towering Thunderfist,GTC,Common,$0.17,$0.51,,
3,Syndicate Enforcer,GTC,Common,$0.20,$0.60,,
3,Scab-Clan Charger,GTC,Common,$0.17,$0.51,,
3,Razortip Whip,GTC,Common,$0.19,$0.57,,
3,Midnight Recovery,GTC,Common,$0.17,$0.51,,
3,Hands of Binding,GTC,Common,$0.20,$0.60,,
3,Greenside Watcher,GTC,Common,$0.18,$0.54,,
3,Ember Beast,GTC,Common,$0.15,$0.45,,
3,Drakewing Krasis,GTC,Common,$0.17,$0.51,,
3,Death's Approach,GTC,Common,$0.16,$0.48,,
3,Corpse Blockade,GTC,Common,$0.19,$0.57,,
3,Clinging Anemones,GTC,Common,$0.16,$0.48,,
3,Bomber Corps,GTC,Common,$0.18,$0.54,,
3,Assault Griffin,GTC,Common,$0.17,$0.51,,
3,Act of Treason,GTC,Common,$0.18,$0.54,,
3,Trumpet Blast,M19,Common,$0.19,$0.57,,
3,Tolarian Scholar,M19,Common,$0.19,$0.57,,
3,Titanic Growth,M19,Common,$0.20,$0.60,,
3,Skeleton Archer,M19,Common,$0.19,$0.57,,
2,Fiery Intervention,DOM,Common,$0.18,$0.36,,
2,Wary Okapi,GRN,Common,$0.15,$0.30,,
2,Ironshell Beetle,GRN,Common,$0.15,$0.30,,
2,Keymaster Rogue,GTC,Common,$0.20,$0.40,,
2,Angelic Edict,GTC,Common,$0.19,$0.38,,
2,Nav Squad Commandos,GTC,Common,$0.16,$0.32,,
2,Way of the Thief,GTC,Common,$0.18,$0.36,,
2,Skygames,GTC,Common,$0.19,$0.38,,
2,Shielded Passage,GTC,Common,$0.18,$0.36,,
2,Shadow Slice,GTC,Common,$0.18,$0.36,,
2,Sage's Row Denizen,GTC,Common,$0.19,$0.38,,
2,Primal Visitation,GTC,Common,$0.18,$0.36,,
2,Pit Fight,GTC,Common,$0.19,$0.38,,
2,Leyline Phantom,GTC,Common,$0.18,$0.36,,
2,Frilled Oculus,GTC,Common,$0.16,$0.32,,
2,Walking Corpse,M19,Common,$0.19,$0.38,,
2,Snapping Drake,M19,Common,$0.20,$0.40,,
2,Skymarch Bloodletter,M19,Common,$0.20,$0.40,,
2,Disperse,M19,Common,$0.20,$0.40,,
1,Stronghold Confessor,DOM,Common,$0.18,$0.18,,
1,Mammoth Spider,DOM,Common,$0.19,$0.19,,
1,Rhizome Lurcher,GRN,Common,$0.20,$0.20,,
1,Grisly Spectacle,GTC,Common,$0.19,$0.19,,
1,Wildwood Rebirth,GTC,Common,$0.19,$0.19,,
1,Totally Lost,GTC,Common,$0.16,$0.16,,
1,Spell Rupture,GTC,Common,$0.18,$0.18,,
1,Shattering Blow,GTC,Common,$0.19,$0.19,,
1,Scatter Arc,GTC,Common,$0.19,$0.19,,
1,Purge the Profane,GTC,Common,$0.17,$0.17,,
14,Civic Stalwart,RNA,Common,$0.18,$2.52,,
10,Rubblebelt Runner,RNA,Common,$0.19,$1.90,,
1,Rubblebelt Runner,RNA,Common,$0.19,$0.19,,
7,Intrusive Packbeast,GRN,Common,$0.15,$1.05,,
,,,,,,,
,,,,,,,
,,,,,,,
1,"Thantis, the Warweaver",C18,Mythic,,,,
1,Lord Windgrace,C18,Mythic,,,,
1,"Gyrus, Waker of Corpses",C18,Mythic,,,,